person_1,person_2,shared_interests,shared_objectives
Ajay Rathor,Taylor Nelson,Finance,
Ajay Rathor,Daniel Perry,Finance,
Ajay Rathor,Michael Fisher,Finance,
Ajay Rathor,Ethan Yates,Finance,
Ajay Rathor,Adam Moore,Finance,
Ajay Rathor,Christie Johnson,Finance,
Ajay Rathor,James Huffman DVM,Finance,
Ajay Rathor,Lauren Jones,Finance,
Ajay Rathor,David Lowe,Finance,
Ajay Rathor,Andrew Morrison,Finance,
Ajay Rathor,Jennifer Wilson,Finance,
Ajay Rathor,Jack Rodriguez,Finance,
Priya Rathor,Kelly Davis,,Learn more about healthcare data compliance
Priya Rathor,Samantha Porter,Blockchain,
Priya Rathor,Adam Moore,Blockchain,
Priya Rathor,Christie Johnson,,Learn more about healthcare data compliance
Priya Rathor,Jacqueline Mayer,Blockchain,
Priya Rathor,Ann Kline,Blockchain,
Priya Rathor,Jack Rodriguez,Blockchain,
Priya Rathor,Barbara Anderson,Blockchain,
Taylor Nelson,Kari French,AI,
Taylor Nelson,Samantha Porter,AI,
Taylor Nelson,Daniel Perry,"Finance, AI",
Taylor Nelson,Nicholas Sanders,AI,
Taylor Nelson,Kathryn Delacruz,AI,
Taylor Nelson,Michael Fisher,Finance,
Taylor Nelson,Ethan Yates,"Finance, AI",
Taylor Nelson,Adam Moore,Finance,
Taylor Nelson,Christie Johnson,Finance,
Taylor Nelson,Aaron Green,AI,
Taylor Nelson,James Huffman DVM,Finance,Meet professionals interested in startup accelerators
Taylor Nelson,Lauren Jones,Finance,
Taylor Nelson,David Lowe,Finance,
Taylor Nelson,Andrew Hoover,,Meet professionals interested in startup accelerators
Taylor Nelson,Andrew Morrison,Finance,
Taylor Nelson,Jennifer Wilson,"Finance, AI",
Taylor Nelson,James Brown,AI,Meet professionals interested in startup accelerators
Taylor Nelson,Ann Kline,AI,
Taylor Nelson,Jeremiah Thomas,AI,Meet professionals interested in startup accelerators
Taylor Nelson,Randall Hunter,AI,
Taylor Nelson,Jack Rodriguez,Finance,
Kari French,Samantha Porter,AI,
Kari French,Daniel Perry,AI,
Kari French,Nicholas Sanders,AI,Find investors for a blockchain startup
Kari French,Kathryn Delacruz,"Startups, AI",
Kari French,Michael Fisher,Startups,Find investors for a blockchain startup
Kari French,Ethan Yates,AI,Find investors for a blockchain startup
Kari French,Joel Ellis,Startups,
Kari French,Aaron Green,"Startups, AI",Find investors for a blockchain startup
Kari French,Frank Yoder,Startups,
Kari French,Jacqueline Mayer,,Find investors for a blockchain startup
Kari French,Andrew Hoover,Startups,
Kari French,Andrew Morrison,,Explore partnership opportunities in AI
Kari French,Jennifer Wilson,AI,
Kari French,James Brown,"Startups, AI",
Kari French,Ann Kline,AI,
Kari French,Jeremiah Thomas,AI,
Kari French,Randall Hunter,"Startups, AI",Explore partnership opportunities in AI
Kari French,Barbara Anderson,Startups,Find investors for a blockchain startup
Kelly Davis,Nicholas Sanders,Healthcare,
Kelly Davis,Joel Ellis,Healthcare,
Kelly Davis,Johnny Valentine,"Healthcare, Cybersecurity",
Kelly Davis,Christie Johnson,Healthcare,Learn more about healthcare data compliance
Kelly Davis,James Huffman DVM,Healthcare,
Kelly Davis,Frank Yoder,Cybersecurity,
Kelly Davis,Lauren Jones,Cybersecurity,
Kelly Davis,David Lowe,Cybersecurity,
Kelly Davis,Jacqueline Mayer,Healthcare,
Kelly Davis,Andrew Hoover,Healthcare,
Kelly Davis,Andrew Morrison,Healthcare,
Kelly Davis,Jeremiah Thomas,Cybersecurity,
Samantha Porter,Daniel Perry,AI,Collaborate on a machine learning research project
Samantha Porter,Nicholas Sanders,AI,
Samantha Porter,Kathryn Delacruz,AI,Collaborate on a machine learning research project
Samantha Porter,Michael Fisher,,Collaborate on a machine learning research project
Samantha Porter,Ethan Yates,AI,
Samantha Porter,Adam Moore,Blockchain,
Samantha Porter,Joel Ellis,,Collaborate on a machine learning research project
Samantha Porter,Johnny Valentine,,Collaborate on a machine learning research project
Samantha Porter,Aaron Green,AI,
Samantha Porter,Lauren Jones,,Collaborate on a machine learning research project
Samantha Porter,Jacqueline Mayer,Blockchain,
Samantha Porter,Andrew Morrison,,Collaborate on a machine learning research project
Samantha Porter,Jennifer Wilson,AI,Collaborate on a machine learning research project
Samantha Porter,James Brown,AI,
Samantha Porter,Ann Kline,"Blockchain, AI",
Samantha Porter,Jeremiah Thomas,AI,
Samantha Porter,Randall Hunter,AI,Collaborate on a machine learning research project
Samantha Porter,Jack Rodriguez,Blockchain,
Samantha Porter,Barbara Anderson,Blockchain,
Daniel Perry,Nicholas Sanders,AI,
Daniel Perry,Kathryn Delacruz,AI,Collaborate on a machine learning research project
Daniel Perry,Michael Fisher,Finance,Collaborate on a machine learning research project
Daniel Perry,Ethan Yates,"Finance, AI",
Daniel Perry,Adam Moore,Finance,
Daniel Perry,Joel Ellis,,Collaborate on a machine learning research project
Daniel Perry,Johnny Valentine,,Collaborate on a machine learning research project
Daniel Perry,Christie Johnson,Finance,
Daniel Perry,Aaron Green,AI,
Daniel Perry,James Huffman DVM,Finance,
Daniel Perry,Lauren Jones,Finance,Collaborate on a machine learning research project
Daniel Perry,David Lowe,Finance,
Daniel Perry,Andrew Morrison,Finance,Collaborate on a machine learning research project
Daniel Perry,Jennifer Wilson,"Finance, AI",Collaborate on a machine learning research project
Daniel Perry,James Brown,AI,
Daniel Perry,Ann Kline,AI,
Daniel Perry,Jeremiah Thomas,AI,
Daniel Perry,Randall Hunter,AI,Collaborate on a machine learning research project
Daniel Perry,Jack Rodriguez,Finance,
Nicholas Sanders,Kathryn Delacruz,AI,
Nicholas Sanders,Michael Fisher,,Find investors for a blockchain startup
Nicholas Sanders,Ethan Yates,AI,Find investors for a blockchain startup
Nicholas Sanders,Joel Ellis,Healthcare,
Nicholas Sanders,Johnny Valentine,Healthcare,
Nicholas Sanders,Christie Johnson,Healthcare,
Nicholas Sanders,Aaron Green,AI,Find investors for a blockchain startup
Nicholas Sanders,James Huffman DVM,Healthcare,
Nicholas Sanders,Jacqueline Mayer,Healthcare,Find investors for a blockchain startup
Nicholas Sanders,Andrew Hoover,Healthcare,
Nicholas Sanders,Andrew Morrison,Healthcare,
Nicholas Sanders,Jennifer Wilson,AI,
Nicholas Sanders,James Brown,AI,
Nicholas Sanders,Ann Kline,AI,
Nicholas Sanders,Jeremiah Thomas,AI,
Nicholas Sanders,Randall Hunter,AI,
Nicholas Sanders,Barbara Anderson,,Find investors for a blockchain startup
Kathryn Delacruz,Michael Fisher,Startups,Collaborate on a machine learning research project
Kathryn Delacruz,Ethan Yates,AI,
Kathryn Delacruz,Joel Ellis,Startups,Collaborate on a machine learning research project
Kathryn Delacruz,Johnny Valentine,,Collaborate on a machine learning research project
Kathryn Delacruz,Aaron Green,"Startups, AI",Find a co-founder for a fintech idea
Kathryn Delacruz,Frank Yoder,Startups,
Kathryn Delacruz,Lauren Jones,,Collaborate on a machine learning research project
Kathryn Delacruz,David Lowe,,Find a co-founder for a fintech idea
Kathryn Delacruz,Andrew Hoover,Startups,
Kathryn Delacruz,Andrew Morrison,,Collaborate on a machine learning research project
Kathryn Delacruz,Jennifer Wilson,AI,Collaborate on a machine learning research project
Kathryn Delacruz,James Brown,"Startups, AI",
Kathryn Delacruz,Ann Kline,AI,
Kathryn Delacruz,Jeremiah Thomas,AI,
Kathryn Delacruz,Randall Hunter,"Startups, AI",Collaborate on a machine learning research project
Kathryn Delacruz,Jack Rodriguez,,Find a co-founder for a fintech idea
Kathryn Delacruz,Barbara Anderson,Startups,
Michael Fisher,Ethan Yates,Finance,Find investors for a blockchain startup
Michael Fisher,Adam Moore,Finance,Network with product managers in blockchain
Michael Fisher,Joel Ellis,Startups,Collaborate on a machine learning research project
Michael Fisher,Johnny Valentine,,Collaborate on a machine learning research project
Michael Fisher,Christie Johnson,Finance,
Michael Fisher,Aaron Green,Startups,Find investors for a blockchain startup
Michael Fisher,James Huffman DVM,Finance,
Michael Fisher,Frank Yoder,Startups,Network with product managers in blockchain
Michael Fisher,Lauren Jones,Finance,Collaborate on a machine learning research project
Michael Fisher,David Lowe,Finance,
Michael Fisher,Jacqueline Mayer,,"Network with product managers in blockchain, Find investors for a blockchain startup"
Michael Fisher,Andrew Hoover,Startups,
Michael Fisher,Andrew Morrison,Finance,Collaborate on a machine learning research project
Michael Fisher,Jennifer Wilson,Finance,Collaborate on a machine learning research project
Michael Fisher,James Brown,Startups,
Michael Fisher,Randall Hunter,Startups,"Collaborate on a machine learning research project, Network with product managers in blockchain"
Michael Fisher,Jack Rodriguez,Finance,
Michael Fisher,Barbara Anderson,Startups,Find investors for a blockchain startup
Ethan Yates,Adam Moore,Finance,
Ethan Yates,Christie Johnson,Finance,
Ethan Yates,Aaron Green,AI,Find investors for a blockchain startup
Ethan Yates,James Huffman DVM,Finance,
Ethan Yates,Lauren Jones,Finance,
Ethan Yates,David Lowe,Finance,
Ethan Yates,Jacqueline Mayer,,Find investors for a blockchain startup
Ethan Yates,Andrew Morrison,Finance,
Ethan Yates,Jennifer Wilson,"Finance, AI",
Ethan Yates,James Brown,AI,
Ethan Yates,Ann Kline,AI,
Ethan Yates,Jeremiah Thomas,AI,
Ethan Yates,Randall Hunter,AI,
Ethan Yates,Jack Rodriguez,Finance,
Ethan Yates,Barbara Anderson,,Find investors for a blockchain startup
Adam Moore,Christie Johnson,Finance,
Adam Moore,James Huffman DVM,Finance,
Adam Moore,Frank Yoder,,Network with product managers in blockchain
Adam Moore,Lauren Jones,Finance,Discuss AI ethics and regulations
Adam Moore,David Lowe,Finance,
Adam Moore,Jacqueline Mayer,Blockchain,Network with product managers in blockchain
Adam Moore,Andrew Morrison,Finance,
Adam Moore,Jennifer Wilson,Finance,
Adam Moore,Ann Kline,Blockchain,
Adam Moore,Randall Hunter,,Network with product managers in blockchain
Adam Moore,Jack Rodriguez,"Finance, Blockchain",
Adam Moore,Barbara Anderson,Blockchain,Discuss AI ethics and regulations
Joel Ellis,Johnny Valentine,Healthcare,Collaborate on a machine learning research project
Joel Ellis,Christie Johnson,Healthcare,
Joel Ellis,Aaron Green,Startups,
Joel Ellis,James Huffman DVM,Healthcare,
Joel Ellis,Frank Yoder,Startups,
Joel Ellis,Lauren Jones,,Collaborate on a machine learning research project
Joel Ellis,Jacqueline Mayer,Healthcare,
Joel Ellis,Andrew Hoover,"Startups, Healthcare",
Joel Ellis,Andrew Morrison,Healthcare,Collaborate on a machine learning research project
Joel Ellis,Jennifer Wilson,,Collaborate on a machine learning research project
Joel Ellis,James Brown,Startups,
Joel Ellis,Randall Hunter,Startups,Collaborate on a machine learning research project
Joel Ellis,Barbara Anderson,Startups,
Johnny Valentine,Christie Johnson,Healthcare,
Johnny Valentine,Aaron Green,,Identify customers for a cybersecurity product
Johnny Valentine,James Huffman DVM,Healthcare,
Johnny Valentine,Frank Yoder,Cybersecurity,
Johnny Valentine,Lauren Jones,Cybersecurity,Collaborate on a machine learning research project
Johnny Valentine,David Lowe,Cybersecurity,
Johnny Valentine,Jacqueline Mayer,Healthcare,
Johnny Valentine,Andrew Hoover,Healthcare,
Johnny Valentine,Andrew Morrison,Healthcare,"Collaborate on a machine learning research project, Explore AI + Healthcare applications"
Johnny Valentine,Jennifer Wilson,,Collaborate on a machine learning research project
Johnny Valentine,James Brown,,Explore AI + Healthcare applications
Johnny Valentine,Ann Kline,,Identify customers for a cybersecurity product
Johnny Valentine,Jeremiah Thomas,Cybersecurity,
Johnny Valentine,Randall Hunter,,Collaborate on a machine learning research project
Christie Johnson,James Huffman DVM,"Finance, Healthcare",
Christie Johnson,Lauren Jones,Finance,
Christie Johnson,David Lowe,Finance,
Christie Johnson,Jacqueline Mayer,Healthcare,
Christie Johnson,Andrew Hoover,Healthcare,
Christie Johnson,Andrew Morrison,"Finance, Healthcare",
Christie Johnson,Jennifer Wilson,Finance,
Christie Johnson,Jack Rodriguez,Finance,
Aaron Green,Frank Yoder,Startups,
Aaron Green,David Lowe,,Find a co-founder for a fintech idea
Aaron Green,Jacqueline Mayer,,Find investors for a blockchain startup
Aaron Green,Andrew Hoover,Startups,
Aaron Green,Jennifer Wilson,AI,
Aaron Green,James Brown,"Startups, AI",
Aaron Green,Ann Kline,AI,Identify customers for a cybersecurity product
Aaron Green,Jeremiah Thomas,AI,
Aaron Green,Randall Hunter,"Startups, AI",
Aaron Green,Jack Rodriguez,,Find a co-founder for a fintech idea
Aaron Green,Barbara Anderson,Startups,Find investors for a blockchain startup
James Huffman DVM,Lauren Jones,Finance,
James Huffman DVM,David Lowe,Finance,
James Huffman DVM,Jacqueline Mayer,Healthcare,
James Huffman DVM,Andrew Hoover,Healthcare,Meet professionals interested in startup accelerators
James Huffman DVM,Andrew Morrison,"Finance, Healthcare",
James Huffman DVM,Jennifer Wilson,Finance,
James Huffman DVM,James Brown,,Meet professionals interested in startup accelerators
James Huffman DVM,Jeremiah Thomas,,Meet professionals interested in startup accelerators
James Huffman DVM,Jack Rodriguez,Finance,
Frank Yoder,Lauren Jones,Cybersecurity,
Frank Yoder,David Lowe,Cybersecurity,
Frank Yoder,Jacqueline Mayer,,Network with product managers in blockchain
Frank Yoder,Andrew Hoover,Startups,
Frank Yoder,James Brown,Startups,
Frank Yoder,Jeremiah Thomas,Cybersecurity,
Frank Yoder,Randall Hunter,Startups,Network with product managers in blockchain
Frank Yoder,Barbara Anderson,Startups,
Lauren Jones,David Lowe,"Finance, Cybersecurity",
Lauren Jones,Andrew Morrison,Finance,Collaborate on a machine learning research project
Lauren Jones,Jennifer Wilson,Finance,Collaborate on a machine learning research project
Lauren Jones,Jeremiah Thomas,Cybersecurity,
Lauren Jones,Randall Hunter,,Collaborate on a machine learning research project
Lauren Jones,Jack Rodriguez,Finance,
Lauren Jones,Barbara Anderson,,Discuss AI ethics and regulations
David Lowe,Andrew Morrison,Finance,
David Lowe,Jennifer Wilson,Finance,
David Lowe,Jeremiah Thomas,Cybersecurity,
David Lowe,Jack Rodriguez,Finance,Find a co-founder for a fintech idea
Jacqueline Mayer,Andrew Hoover,Healthcare,
Jacqueline Mayer,Andrew Morrison,Healthcare,
Jacqueline Mayer,Ann Kline,Blockchain,
Jacqueline Mayer,Randall Hunter,,Network with product managers in blockchain
Jacqueline Mayer,Jack Rodriguez,Blockchain,
Jacqueline Mayer,Barbara Anderson,Blockchain,Find investors for a blockchain startup
Andrew Hoover,Andrew Morrison,Healthcare,
Andrew Hoover,James Brown,Startups,Meet professionals interested in startup accelerators
Andrew Hoover,Jeremiah Thomas,,Meet professionals interested in startup accelerators
Andrew Hoover,Randall Hunter,Startups,
Andrew Hoover,Barbara Anderson,Startups,
Andrew Morrison,Jennifer Wilson,Finance,Collaborate on a machine learning research project
Andrew Morrison,James Brown,,Explore AI + Healthcare applications
Andrew Morrison,Randall Hunter,,"Collaborate on a machine learning research project, Explore partnership opportunities in AI"
Andrew Morrison,Jack Rodriguez,Finance,
Jennifer Wilson,James Brown,AI,
Jennifer Wilson,Ann Kline,AI,
Jennifer Wilson,Jeremiah Thomas,AI,
Jennifer Wilson,Randall Hunter,AI,Collaborate on a machine learning research project
Jennifer Wilson,Jack Rodriguez,Finance,
James Brown,Ann Kline,AI,
James Brown,Jeremiah Thomas,AI,Meet professionals interested in startup accelerators
James Brown,Randall Hunter,"Startups, AI",
James Brown,Barbara Anderson,Startups,
Ann Kline,Jeremiah Thomas,AI,
Ann Kline,Randall Hunter,AI,
Ann Kline,Jack Rodriguez,Blockchain,Find beta testers for a new finance app
Ann Kline,Barbara Anderson,Blockchain,
Jeremiah Thomas,Randall Hunter,AI,
Randall Hunter,Barbara Anderson,Startups,
Jack Rodriguez,Barbara Anderson,Blockchain,
